"","ENSG00000073350_at","ENSG00000064547_at","ENSG00000058085_at","ENSG00000008323_at","ENSG00000006432_at","ENSG00000005001_at","ENSG00000002587_at","ENSG00000184363_at","target"
"22RV1",9.31363642941595,5.21186713122147,4.1241760508797,5.48252410894868,5.77157297437458,4.71066876184051,3.90075859744248,7.99389576545649,0.0508198459958593
"5637",9.63597850843919,7.65231113926001,10.9347425098488,5.68176277046176,5.66463448632413,6.25617601439841,8.52921747435426,9.00552631772541,0.203235544889072
"639-V",7.50343634053198,6.69035963395959,4.11132224375901,4.50224555634758,5.86942314537308,4.69774433669529,4.03648061386616,4.95410506646278,0.0113876145832891
"697",7.13892659571584,5.38542159612799,4.37647605777929,4.9118777970801,4.2820525781505,4.35165045417067,4.19345073199622,4.7602881885233,0.109496730041992
"769-P",7.23825618327232,5.30276142128439,10.1585316758773,4.31663434418503,5.12618447764045,4.8733050389471,5.91387340753746,5.34266980489775,0.257903359398813
"786-0",7.32674255602599,5.35004253156038,7.48215021852699,4.23183238811602,5.46659941439003,4.92239344279341,3.9998218231783,5.84214318103768,0.0174020298717271
"8305C",6.36529463990675,5.78248801414299,8.56319796423073,4.52491437212765,6.27318287218309,4.14744834627525,5.02469120429317,5.17972540227511,0.0298551537634076
"8505C",6.50790217285795,4.88418090352756,7.91782914861856,4.51170662217461,5.06927368255383,4.03180521240014,6.0139637002837,7.05912115943544,0.0330402243134315
"8-MG-BA",6.56644974473462,5.06720514172491,4.15343537283993,4.10331124569666,5.13431235641386,4.56763380025189,4.66827748344427,4.60875963854695,0.0752267256971563
"A172",6.39123790748449,5.7180403346556,7.13600374515457,4.42068013450533,4.37615430873771,4.24059134712427,3.68815800087304,6.34674878405283,0.0216909402869617
"A204",6.94489561496404,6.88669149392958,4.17713073617163,4.53021450942991,5.00272591659725,4.34535673833818,3.94028040300649,5.11920455242948,0.0872988780841945
"A2058",6.3879605802846,5.02263542954934,4.36204779748304,4.43745295182598,3.67180854568054,4.37612534678626,5.05439645006948,5.06722358032187,0.0203165554125714
"A253",7.75732193847098,6.39522682248569,7.25356441788644,5.94032911766809,6.11936117357879,5.39118206997389,5.80036438708447,6.82203409816208,0.119834565068788
"A2780",7.06458470639987,5.19757640003033,4.36508576607357,4.46789663104276,5.15218621312367,3.86876516770525,4.30747277965612,4.92986743616531,0.0183684849631259
"A375",6.14455038710425,5.27750476568657,4.38383189370573,4.33632051169588,5.0481562419171,4.30278014566751,4.8911199649964,6.34446794908029,0.0351188801773284
"A549",8.20796872762781,5.73340340324464,6.36150748072001,4.72091886519704,4.99565025193201,5.09536497102297,4.30928031582783,6.92821183337895,0.0836265196900419
"A673",7.04508385740704,7.16734556338506,4.28994014437043,4.56449976964168,4.76684412913003,4.60275550959793,3.83695017557822,4.96988563548194,0.0135715388139858
"ACHN",7.19623334003597,5.49448350411777,7.00610496525586,4.14102566115753,5.81018013678772,4.38823789373193,5.11521916523032,6.78929091321862,0.184315186113765
"AN3-CA",7.64469706742444,5.78844221236088,4.33889313736118,4.62673689463878,5.02106687244737,4.62831480924673,4.00467093479318,5.1022083511896,0.0338100126176805
"AsPC-1",9.36370650231805,5.94732808043625,8.03738759581264,6.14159037280112,5.03910889461089,6.17620331035835,8.34237817203416,8.83000292532986,0.0608122109348467
"AU565",10.0396280862713,6.01890038467501,4.19556798140006,4.79249219835837,6.35640611566443,6.48539042726953,4.11085248804197,9.66350122434386,0.0406516115603452
"BCPAP",6.38486005962826,5.73339757333791,5.58765221679087,4.31179626751658,6.06477441887847,4.50483115774157,4.38821306439018,5.90624325404298,0.0266409830258455
"BFTC-909",6.88880363281057,5.86737175211132,5.12592308929578,4.76531825854122,5.21579688684182,4.58332320244914,3.91693663192531,5.29709760381891,0.0269340404099325
"BL-41",6.80684890586544,5.57192320599046,4.42677493965102,4.46164126075388,5.08720088375772,4.46127156712061,4.14590701781225,4.81918733064102,0.00791880933314804
"BL-70",6.76829729494714,6.38847395945993,4.24725786476786,4.8721618551414,5.24425072570265,4.6808239586678,4.41816490855946,5.00482227078141,0.00772951600702843
"BT-20",8.56250223484966,7.6224433793833,5.86484878496,6.68231750848201,6.23638694763115,6.53471966447754,5.07081099069944,9.16824752860296,0.168571405946983
"BT-474",10.0468680454181,6.78643379640449,4.1670128382147,5.5599154821195,5.85277899175393,5.55991218588783,3.97870565482424,8.04791110554177,0.0538623574149398
"BT-549",6.39687035417549,5.94164676597565,4.78977414474846,4.52627507398883,3.91692997167578,4.62949560278793,5.59436047441627,5.45334961156382,0.0215984605315586
"BxPC-3",9.36196444659887,6.76197822631962,7.48104215529005,5.96766536451359,6.67299417851003,6.62894623880503,10.1199748995016,9.523098122188,0.114852470791902
"C2BBe1",9.5314647764488,7.00754994959863,8.7806873144441,7.22027299650871,5.67320776028189,7.16986539308184,4.78743015797368,8.43708869780773,0.161128777979443
"C32",6.51927293137757,5.0912447436075,4.08645995347336,4.39233728595982,4.91398277092416,4.27087826415276,4.70753570475885,5.43409412077431,0.0420952232433476
"C3A",10.0833605319155,5.45595362142537,4.24720581686806,5.87054290082825,5.31200295363283,4.67546403792724,4.00773660637139,7.71816977665959,0.0204441504620558
"CAL-12T",9.79486989397792,7.31107649822924,10.0005592978208,5.70151069721541,6.07579625725927,6.03402910913305,6.65273623952739,8.54396216309316,0.282763102643417
"CAL-27",8.43611878886736,7.04448880568068,7.00783430367498,5.38496548522813,5.34698881507269,7.27165771779852,7.08773654069473,8.89857215893797,0.331187398986012
"CAL-85-1",9.49151211898537,7.53997794611825,9.88544483856155,6.09996853176333,5.30363740290454,7.00443537230456,7.00216768287815,8.24592731470826,0.288552718437461
"Calu-1",7.12707205060331,5.63760815318618,4.66125846700598,4.15470499075098,5.54846565090266,4.44806047732107,6.61443998220003,6.37217570659186,0.0108016843304888
"Calu-3",9.20320705673321,6.7482170339082,10.1012296687062,5.49819751362631,5.81168493798911,6.80541253197597,9.1706050997682,7.4044150604076,0.144182987137287
"Calu-6",6.56567232974061,5.22979524376623,4.95684923479948,4.42042230531662,5.16004880947604,4.63064456196097,5.23370838488945,5.53863436862898,0.0233568358391087
"CAMA-1",10.0813839541385,7.24150766847724,4.2540247625631,4.39439674440513,5.37794248986975,5.04093744236903,3.97443744238438,7.23728456956997,0.0177608292883622
"Capan-2",10.7434796862751,7.92577567543245,9.36835165318823,6.10613665633601,6.61919848464542,7.82824716599088,9.3732945698007,9.26103094090121,0.0751523301484543
"CAS-1",6.41105271080927,5.32108631244535,4.14150194744504,4.49387627077276,4.76020161806454,4.86305475544244,3.95397756576242,5.25869165734348,0.00508940880629938
"CHL-1",7.43968052049177,5.33200797390542,3.93348925451303,4.20377655795224,4.88238414849437,4.27586753309262,4.77158989555783,4.89238889597471,0.131243493071321
"CHP-212",7.15251706681099,5.23815732243762,4.12300221129077,4.67430694668363,4.103402287236,4.17903023088798,3.86160181461527,4.81544360071883,0.0143083617043064
"COLO-205",10.8308979442973,7.29927531144432,5.27416864328575,5.23936134827139,5.94195131362593,5.23761520430456,4.38734343277292,8.55689322323704,0.0526779728782296
"COLO-320-HSR",7.20115654880752,5.70393843944753,4.32585142042418,4.3923757523556,4.89516865749419,3.93761477127329,6.15298812099393,4.80990570660533,0.0658329195011933
"COLO-678",10.4213797411882,6.84447905512886,5.92984150677936,6.59414447547276,7.43948415821032,6.15947984717686,4.64889835228343,7.80263540196439,0.15829449482542
"COLO-679",6.72746463365305,5.77768662767058,4.09318604476862,4.24909131649613,4.41132291515869,4.17385286829911,5.42441781078752,4.8044918403746,0.0174013135052878
"COLO-741",7.26675968675583,5.31628223997058,4.08207088268695,4.38960061924283,4.81973045427956,4.59391747162599,4.36285045321424,4.9725238930814,0.106955961828734
"COR-L105",9.1757103757336,6.99733578895683,6.22032987077378,4.56562226726249,6.23588081550825,5.08242367971549,8.0196630952795,6.8508592203528,0.187008674669172
"COR-L23",8.99694545520341,6.38776220862856,8.96443030858587,4.42803497577757,5.85460315580588,6.74341590610901,8.66336122321096,9.14309520413654,0.0101748184770943
"Daoy",7.15783997112412,5.31748384398554,4.22775436672883,4.65112630805496,5.22505272005662,4.34066804777873,4.19005966090062,5.56620305671107,0.0401462426565729
"DBTRG-05MG",6.68933468265278,5.54140332507717,4.17649568841766,4.43321733243925,4.03385307528802,4.4516194732357,6.59816765866573,6.32364497420118,0.0313312729381227
"DEL",6.81372008582287,6.22617661303789,4.0968249815909,4.35836265725254,5.21204333969006,4.35367063622819,4.28334115788381,5.79704124771313,0.0377965638160288
"Detroit562",8.32967933279429,6.20644748081773,9.55037309873325,5.35521905769626,6.17617205492718,6.78589814975067,7.06665907999369,8.27900308404347,0.115484322003818
"DK-MG",7.12259519909457,5.19073866266305,4.46398695423004,4.53002579987927,4.24884203051863,4.57587307202871,5.41082998004396,4.98581088796914,0.0282350399226488
"DMS-114",7.43557305239305,6.21826177933277,4.10039886197792,4.73655420151387,5.61189227443041,4.68019135844595,3.84535353149436,4.95971016643041,0.0401151054921804
"DOHH-2",6.60148782503427,6.47465993294923,4.16590262607369,4.66114825142201,5.35679825471952,4.27793582399354,4.68611363375628,4.87820942236664,0.00136137904746758
"DU-145",7.77339038186217,6.79744594600776,7.09546794620747,4.19231200652275,5.51108534180578,4.53260970752104,4.28428305849436,7.49237259816358,0.141625417499754
"DV-90",9.10580997914441,7.3426729340444,5.36519197695203,5.92986222749907,5.60473029317639,4.86514859549412,6.60897042054815,8.52716579337617,0.145836917253573
"EB2",6.55204353552458,6.79183014935062,4.33034901096652,4.33529842251055,4.83200956635208,4.61668291542803,3.98374448468031,4.76342052081039,0.0641156083318341
"EFE-184",7.78261034777707,6.17429795049215,8.47952626015976,5.21479287104067,5.62591999355072,5.65141821453442,6.08610028134058,7.74159043062143,0.103554841227833
"EFM-19",9.07656488126359,6.64561408122332,4.38792698332366,5.5075910172664,5.73338012442217,6.4598838461578,4.03688858607198,7.73540821468767,0.00551956421371003
"EFO-21",7.88185257691911,6.96219510296793,7.96073386286288,4.47517476449193,5.04947428876867,4.69468867012113,3.99231042477787,5.44902677527982,0.044400813155961
"EFO-27",8.51200819370531,6.86838440695347,9.60230500789202,4.80010758605327,5.15610370364671,4.97155700663143,4.69401873180127,7.98275252085466,0.163888948455916
"EM-2",7.94274065728748,7.16849876761024,4.34996155177413,4.44149858245208,4.15803148164407,4.57446565409389,4.19786774777238,4.98584101003842,0.0629304664581892
"ESS-1",6.51171516286645,5.77691192510991,7.54894260077449,4.60422938706856,5.24588918568608,4.55495671453524,3.60100257244034,5.03157774255334,0.067679730930328
"FADU",8.51981859135763,6.15531398353884,5.5211751937463,4.95150372157963,5.35935176413789,6.05543566918198,4.64635024598453,8.6616390309576,0.20383612526687
"G-361",6.27195996221979,5.2105444657716,3.91489185663895,4.39425053093068,4.60839943405504,4.34409995619604,4.09669852525921,4.95469607771572,0.0783446356783802
"G-401",7.30448259283957,5.61201503360648,4.2041965101065,4.44201849799484,5.1592070350526,4.42488438550671,3.99873767261395,5.29271457713432,0.0240128994851095
"G-402",7.92176020394413,5.39783665715622,4.21556783907516,4.66930135003369,4.44360495795559,4.5781380957249,3.95513479174668,5.24006350851921,0.00398849576686244
"GAMG",6.75824569519686,5.40091137029322,6.53811015599324,4.38929716594026,5.16107836150313,4.16433485279582,3.82792511667373,5.7982518715452,0.0426220793835724
"GB-1",6.43340769705495,5.2010771894493,4.22637746506487,4.45201830635797,5.22952865175922,4.531924595684,3.93366907813746,5.67179087610522,0.0529543075454265
"GCIY",7.81830924601687,5.88162834436754,5.44024593620294,4.94389226665997,5.43376495726007,4.70411438041885,4.87210389085659,5.4388462078314,0.171890898616637
"GCT",6.17285106259402,5.35063389459635,4.36750489537377,4.12654390692029,4.59707734820642,4.50251404921506,3.97316458881907,4.93176815347542,0.0305010167044467
"GI-1",7.08649361382752,5.85310989592624,4.37605798749577,4.5419271182852,4.23073449799304,4.68858337364384,5.71480709636325,5.36852960714417,0.0253774046211056
"GMS-10",7.14526299918108,5.4004655272642,4.48272319080644,4.23675204936773,5.82588301685238,4.11088230890313,4.39950366609458,6.01224309937378,0.0222145748896073
"H4",7.34315353516869,5.73875404788838,4.05945688588729,4.15458730670252,4.68052997987482,4.41432419447977,4.8158203018815,5.35831377825359,0.0304322152978734
"HCC1187",8.72685181017751,8.10263622261486,3.90257440376355,6.75047125430543,5.326427118582,4.75729190022778,4.49315559264817,7.4484019489519,0.046662025880708
"HCC1395",7.22626471241703,6.61901519329909,5.12538927856436,4.09279749026277,5.02743621610808,4.41255937238508,3.94616711950081,7.40549775765077,0.0432304258006927
"HCC1569",7.18243197385004,7.06567848769622,4.53533028098492,4.86782948611838,4.82197261520176,5.35791129921337,3.81914462840473,7.60261748788944,0.00729468621308926
"HCC1806",8.48565308086171,6.79382773319615,7.30875115629129,6.38626364554752,6.07538128144047,6.04521372108945,6.32757615698608,7.01523709881118,0.237098776601575
"HCC1954",9.11838200752803,7.13189953947645,4.18290100800295,4.61157214445291,6.2845297199953,6.26850676206096,5.29226872778295,7.72128174488928,0.109227511813148
"HCC70",9.54164945205524,7.6700918594333,7.30138688458218,6.21860664116448,6.22336021646978,6.87080938845894,6.35338215061608,8.96095272070121,0.0888052220070359
"HCT-116",9.85361580435513,7.10493616192695,5.58724058174971,5.76438890266485,5.67460421974566,4.8382104421389,9.51191500193245,7.89039784904491,0.0298634998244608
"HCT-15",10.3239027531817,7.20347203847926,4.99300795653579,5.06511341459938,5.91039714200647,6.01127973239728,5.41302925405585,7.60439331258106,0.051430670881629
"HD-MY-Z",6.44606540920849,5.23138725916777,4.15083828327219,4.44067356020285,4.52999904976478,4.13649970093966,7.47048341270069,4.61781747348709,0.0841229136418704
"HEC-1",9.60493515256673,5.81871253666386,8.6052614543144,4.39361037427492,6.05305203322227,4.29288790526417,5.15063835933129,6.0859022097472,0.0748420358116652
"HGC-27",7.34880886662016,5.3912211268573,4.03383155492511,4.91360462644763,3.86779256397642,4.33719341275183,4.04590993102019,4.99866283999918,0.0202083166855916
"HH",6.7154507434265,6.17959357577456,4.18327776085533,4.31246633318298,5.79889574431515,4.65032721574013,3.84277570049887,5.0820791034389,0.0276250000000167
"HLE",8.22691989861329,5.60540293024028,4.20579303215425,4.62618695378616,4.24287881937654,4.66133725716549,4.1321191023974,5.65209239594585,0.0275427809707499
"HOS",7.1447733240593,5.03517244861248,4.27565145190366,4.4560434619601,5.00699970695446,4.57918770320637,3.87792645978126,5.49920675814688,0.0391249999999855
"HPAF-II",9.30584382543545,6.45647736233487,8.38561677550711,5.55422961638464,6.66252303329668,7.92297284030887,9.54286840811304,8.62436841691592,0.0641428080630675
"Hs-578-T",6.32244261570704,5.34510181726294,4.76182956051851,4.45249249968456,4.37783503957303,4.58299165482461,3.82846385661756,5.78213463514401,0.0111527937917798
"HSC-2",7.85821255481816,7.10500472409197,7.64637822026707,4.97026706577489,6.60283997064137,5.54511970061348,8.10726668848425,8.89615794012219,0.0770629235024698
"HT",7.35677212319666,5.69544901871054,4.31149713913615,4.50061099206304,5.84459105912399,4.71862099864247,4.27685443080897,5.01143924484379,0.0446250000000127
"HT-1080",6.40723458284869,5.31824070587766,7.06691421756308,4.29975125044465,5.22242967048204,4.50834269227037,4.4009700502387,5.86401374398995,0.0127935167434797
"HT-1197",8.37667029472162,7.11276568628516,9.70569325045243,6.91791035811087,5.80396928010014,5.66465037904916,5.2656751755239,7.54771492325412,0.0604016195369251
"HT-1376",9.04396352043025,7.34510392319454,8.0467893785424,6.71814879874423,4.79394549017554,6.2319300389666,4.53869527713624,9.88104685184021,0.114669977778807
"HT-144",6.30297951015833,5.44021449612123,4.15809562063715,4.08543743268184,5.6473150945449,4.77809879956748,4.03107698607734,5.94869441859522,0.0572313025504216
"HT-29",9.45212866956708,6.48414362041936,4.69197822665059,6.72488783808876,5.39500537072446,6.23859426156794,7.97713435681169,8.89969502740131,0.00102237433176233
"HuCCT1",9.93037841176677,7.58100048583389,9.57445057852915,5.13150887576809,6.28462474746703,5.92274476828494,9.41166168661967,7.91430571963582,0.0792745089271241
"HuP-T3",8.6819523881726,7.23912542024124,8.1236228193963,5.25768169027071,6.16951512552391,6.00679370779037,8.90857215400644,7.67446559116557,0.0472616965444517
"HuP-T4",10.3729134513428,7.70332970315505,6.22637251228915,6.63394908306207,6.79750800382217,7.20716652676282,7.92702055153655,9.3610340885847,0.177973123731707
"IA-LM",7.90808405082089,6.12179222006034,6.23332465736027,4.41017517851745,5.87798610945171,4.02165684301415,5.92545358501931,7.5724142042706,0.0287725239556638
"IGROV-1",9.30784385355136,5.72387218837453,5.80883293728702,4.32961786874951,5.62607987519937,4.73055675189486,4.98279985955759,7.69511803204875,0.151461079926458
"IPC-298",6.71920050818018,7.12640372196429,4.21847404961458,4.3099653702193,5.01310751210133,4.45313631008483,5.20983628644789,5.01206747768936,0.0534161374875628
"IST-MES1",8.29908752242178,5.85624945338142,4.76597659891585,4.33341784455175,5.16672827097554,4.07348308570218,4.36091381795898,5.4071527293019,0.049000000000012
"J82",6.76210840315961,5.7520699678701,6.58239938846849,4.40308556657918,4.63631937817577,4.30461546445872,4.24142394537633,6.49219014672169,0.0485612757670865
"JVM-3",6.81968521096534,6.15426018334183,4.1829910451287,4.39051807924453,5.57238210548747,4.00718808512377,3.86679576687727,4.79041280688883,0.117029125895224
"K052",6.62302209177708,5.52945364775039,4.34623516047557,4.38235622713919,4.16311192505737,4.03324372638258,4.03125474403124,4.88950914559859,0.0654641719664067
"KALS-1",6.77616765860402,5.49456125563687,4.46681316219943,4.63019386288198,5.55817359074985,4.12839428431077,3.86590881851625,5.1772591775965,0.0521250000000099
"KARPAS-299",7.49707405373529,6.37373579894753,4.36072599485831,4.34176363666241,4.49991526373002,4.79603681174873,3.97693350995084,6.13196430068388,0.0283542188016344
"KARPAS-422",6.70152821501484,7.31903160452742,4.36407482029438,4.43875534113856,6.46446893677398,4.64780031222934,3.97618553250013,5.19864862112289,0.00652863455160801
"KG-1",6.27615883170429,5.56649630954659,4.39940544975692,4.3518760920589,4.00367855197733,4.860771597847,4.5133363010839,5.12606506794802,0.0370059893283885
"KLE",8.32442547242787,5.50293569117721,6.33178581088402,5.52111341404821,6.56350233480427,4.80112538958227,3.80274698497816,5.3525912292992,0.0872143684796068
"KMS-12-BM",7.45737052316011,6.19342466556527,4.15214374762922,4.02911107438166,4.84106167912489,4.65498005492855,4.1021092182062,8.16992448762816,0.0639030365904523
"KNS-42",6.73233190789636,5.13587508838232,4.02717526789195,4.28154096505601,5.21266045741889,4.24014060988211,7.31229497999049,4.99724340997186,0.00383095368231801
"KNS-62",8.83353099556784,7.02500462532151,8.88608711897535,6.15612861639706,6.84270590484191,7.13498550913907,7.00827696095103,8.97919835022523,0.0390333261357146
"KNS-81-FD",6.89066984945016,5.42442947776557,4.0157715723615,4.31109434896373,4.5048493614457,4.59360026171512,4.11911173723781,5.05691303525542,0.00658578905189267
"KP-4",7.2749696106472,6.05798094034695,4.26064031294462,4.23179908145948,5.50961729459804,4.96213409885905,4.10704500954784,5.36111879219682,0.0228335113683854
"KP-N-S19s",6.46118590454064,5.78830179825557,4.08267188962679,4.72978863857324,4.27498557636542,4.48798315408908,5.43862400265207,4.84358735860072,0.0731854304159488
"KU812",7.48532328887792,5.35380746365141,4.1691924307181,4.51829184919057,4.41049794366783,4.55824020777388,4.16500350597216,4.94042602807016,0.0324696570958103
"KURAMOCHI",7.64318658993179,5.94975955483856,6.3787330942434,4.8761786895723,5.35441079033416,4.71786244843229,4.09181981552417,4.91168848905041,0.095835113087797
"KYSE-140",8.39687673069401,6.63896541383375,7.30116257752948,5.77590269582824,5.78968716477167,5.33581981153404,5.51001821304074,7.59034773959651,0.291751307135053
"KYSE-150",8.31449895582086,7.74194968599439,6.88119193486313,4.73662376304914,5.78933171392285,6.64489515664099,5.31894472699778,8.55713186160655,0.0820511653725485
"KYSE-180",8.11144259182252,6.80440228490385,7.10053611336082,5.4694184174161,6.10049978003788,5.40244500259811,6.86205512038413,8.20302223411011,0.207051341535066
"KYSE-410",8.62517493218058,6.52283658558773,6.38385637139159,6.4727003014734,5.82283867005597,6.10673887339442,7.34658657587998,8.73389474386984,0.0666921258919408
"KYSE-450",8.33041204058497,6.50008707405104,5.51713771232488,4.4605710289159,5.78733277726866,5.00448819975536,4.173686770776,9.31393380881549,0.211340767187775
"KYSE-510",8.51630262117597,6.49531633230476,5.62488670295256,5.17456943230324,6.18876594508003,6.20941406779444,5.18135800289643,8.1485788454513,0.00772930356631374
"KYSE-520",8.28206598628617,6.08358917005252,7.58566670512991,4.54065163633407,5.60502529571705,5.27826418708617,5.78029156648255,7.01868470228796,0.18738900331418
"KYSE-70",7.77154419942202,5.18097777218181,4.5429293506722,5.52189688480223,5.65070180640811,4.95518238027955,5.07557951081357,7.49475089491216,0.175903684658544
"L-363",6.3220736489121,5.39155761670732,4.15260301232155,4.94940849531511,4.22789673917298,4.28824288044115,4.30852826128788,4.68671945445194,0.0306731831682832
"L-428",6.58448199040048,5.62527741410681,4.20103970449293,4.26574467709934,4.85437870682138,4.49993892645421,7.27582813496979,5.05591890630744,0.0128657743891335
"LCLC-103H",7.49494249589892,6.23029526716318,5.49400593698627,4.50999681575629,5.53807455952317,4.48669843533495,4.18896339180089,4.89832440571725,0.0186305398975062
"LOXIMVI",6.18639364609871,5.53828595985772,4.18600970939573,4.54262126230862,4.47479156681093,4.26853278575994,4.041731281502,6.16400163663911,0.0216513924881948
"LP-1",7.03331161606528,5.33257890290072,4.29577655303976,4.51091405486729,4.97442607525541,4.46762308116938,4.19721752941202,5.1205202878823,0
"LS-123",9.7241141207007,6.94380370674419,9.2008672373424,6.91652645178981,6.20948014511065,5.98636848647937,7.47482795463728,7.99096282628819,0.0687456218463056
"LS-411N",9.69796809169608,7.33672681410701,4.55570416535012,7.11729081406441,5.91815359065837,5.35423003902782,5.80701289714287,8.1342704913399,0.0119420552642432
"LS-513",9.9831378082326,6.61652487761925,6.11453835788103,5.90153093372153,5.620338440242,5.63804076651818,7.4588893086865,7.17229361564683,0.134355125391875
"LU-99A",7.1383378697176,5.49213030843072,6.9782359308335,4.4356430419191,5.73996259645082,4.30257794901849,4.42277719595374,5.4541203667283,0.0950835016979251
"Malme-3M",6.36114613967415,5.20012664449131,4.52553367383785,4.74988933373443,5.18877768586699,4.93614977347056,3.99088175833132,4.93798665043943,0.0343389634193806
"MC116",6.71385720369123,6.22938915015209,4.40634444806346,4.48505306927069,4.86935161168114,4.63235233146553,3.69438267004788,5.25508639306809,0.0101250000000087
"MCF7",11.2774207564892,7.9497094158725,4.22388206067712,4.42463677272296,6.09744667725776,6.08952910057005,3.91392438403622,7.74171235904949,0.0787455565499972
"MDA-MB-157",7.38446284500166,5.63007328500902,5.0907353165859,4.39758279962071,5.10054161833902,4.49387671997453,3.9680593146433,5.47494485420041,0.00773553152272177
"MDA-MB-175-VII",10.1160818306785,7.74279579114716,5.17945772971783,6.73783279364711,6.46054248567775,6.2486637011539,6.02486306243091,8.5533151530926,0.157838728939119
"MDA-MB-415",9.85975241363788,6.31691142565005,6.26045352528844,5.32457586272328,6.12613312699549,5.74807764214526,3.89171024182005,7.58330679505003,0.016174070218041
"MDA-MB-435",7.12906576618999,5.79023459083802,4.33437336641887,3.95607078218092,4.54162838104047,4.26441260017078,3.54880508167082,5.05588300790225,0.00335780246260409
"MDA-MB-453",10.239393736966,6.84034166738619,4.19096006731261,4.72489994760051,6.97898042273425,5.44117797483678,4.52416953878444,9.4566061278537,0.0298837951460482
"MEG-01",7.62015807277811,5.38342846122361,4.07953155899715,4.08519453081597,4.05407230174239,5.08322237309738,4.20194399926034,5.11936368919351,0.0119420936350009
"MEL-HO",6.91620109394559,5.71052524832999,4.27140865505756,4.72354269649505,5.55250964861483,4.63144053558573,4.95504357508716,5.05397914563278,0.0214472299051539
"MES-SA",6.69147578098924,5.32351110689981,4.10640115093957,4.50857212182124,4.51460990819808,4.44437461038526,3.72627225841489,5.08778909696171,0.0179689274489507
"Mewo",7.27300158410576,5.23995611210899,4.17480630891939,4.05950813331508,5.00844501664948,4.55232679905797,4.27491911295717,5.50928155597545,0.0113750000000107
"MFE-280",9.06150981489692,7.64461023861435,5.1418108040433,5.28760247549798,4.98065847763645,4.58296783941272,4.19787390864399,5.16464165521148,0.130851593591404
"MFE-296",8.08442087726691,5.52254915953846,4.26586487058672,4.84475142314496,5.40845374762485,4.75464701568996,3.93467504784438,5.31175722085118,0.109656927941025
"MG-63",6.23828868827919,5.37962063421824,4.14992941084776,4.11081350378394,4.11116889582702,4.34483232160352,4.46855998532262,5.50704064353828,0.00662420551191756
"MHH-ES-1",6.85351530608538,6.73456176341514,4.23935972548502,4.04346227101113,4.11889642654429,3.8938711323537,3.89566604716641,4.35215121631341,0.0936628038829607
"MIA-PaCa-2",7.55785488677237,6.30509070818712,4.16846055690973,4.47888344194631,4.88000810653259,4.49429536316259,3.8681111136905,7.67879803977353,0.0299227133046467
"MJ",6.44007884302602,5.80712020117485,4.03987334394193,4.508714383585,4.59929761393219,4.42635547923056,4.97171489062633,4.75256856569478,0
"MKN45",10.21516998629,7.05903680892039,6.87826977201308,4.77990960083174,5.79982679613995,5.01110356719201,4.80373025760565,7.56771587512751,0.0270716752294947
"MKN7",9.39774521271371,7.09591391891077,10.3805764046378,5.37045021741345,7.35084911658458,5.66245544303892,7.57872719274058,9.25103331017271,0.0106063899865304
"MOLT-16",6.62305397717494,7.25030994669937,4.38212375868617,4.67653093002961,5.49978364789319,4.43986321816378,3.95394072406868,4.94467997708061,0.0460211845039645
"MPP-89",7.12314679978186,5.24834858189105,6.60158829065372,4.32868733850284,5.5938295272006,4.21745362591938,3.88200204043635,6.34873138441051,0.019156318283062
"MSTO-211H",6.59727560850983,5.08206877275999,6.3018882918217,4.55819407432987,4.01325455004316,4.47922779236241,4.15394439998258,5.17651753513853,0.06576980990675
"NCI-H1048",8.08560621700031,7.08905086722372,4.00088516179792,5.57912903437864,5.57874159126549,4.44875431140933,4.07190260201135,6.87958132301335,0.0310902025796412
"NCI-H1092",7.18856465631244,5.51327121026815,4.19041495591067,4.20272776810295,5.73822038613581,3.98559442574632,4.64962824769809,4.9173683824256,0.0213621543715331
"NCI-H1155",7.6030710524602,5.25659053280276,4.0120581935252,4.44219685568911,5.7393603530193,4.12676579957663,3.79324370243723,4.87892530601651,0.0667644385084994
"NCI-H1299",6.87576151122821,6.44179320049698,4.67834247015157,4.74468462941656,5.29083760511084,4.98497571236319,4.18705319343946,5.2180593676434,0.0678721343126194
"NCI-H1355",8.13323109158751,7.27284022076264,4.16915726488235,4.36611616682206,6.48438965919416,4.31364618439012,3.73452925694303,5.79619330016349,0.173838743531296
"NCI-H1563",7.7968174169347,5.4251549217813,4.39863419153071,4.49123051510891,5.59138859589395,4.52195941786818,3.98132335685784,6.5064118908229,0.0295687138448594
"NCI-H1573",10.9537222555403,5.65554667710553,7.30776784350248,5.50775841573123,5.83535747475453,6.39327964204651,6.23366771023857,7.40651662339722,0.15498612049079
"NCI-H1581",7.76604230986964,5.61381869931853,3.9722710709475,4.17307475376597,5.7542129654813,4.36449129479609,3.89080719634507,5.27754670116688,0.00276550366657413
"NCI-H1648",9.30107439029532,6.35523956953504,9.70089626537622,7.33881993926386,7.35297369860143,7.01391786934395,7.86275050398263,8.48276013162302,0.0920606226207787
"NCI-H1650",9.06589162506026,6.89624573196402,7.05392969652253,5.68786723595029,6.54992236522203,6.42433922815826,4.89415854558077,7.7683449870258,0.227081708702449
"NCI-H1651",7.80381244099,5.28764840051161,4.20130204774154,4.7612115366413,5.33726348775844,4.35058711449204,4.14473862933257,5.11014705594471,0.0466124285541447
"NCI-H1666",8.50536897410326,6.69672204899903,8.41054626435042,4.92384482431729,6.38985004867021,7.01688267919315,7.66635614338955,8.85278911767717,0.37955965867326
"NCI-H1693",9.0890235965055,6.38647846610038,6.87556519057302,4.58905437672809,5.3408864506651,5.77964901313303,4.66064753409437,6.68545525702813,0.199833484563018
"NCI-H1694",6.7050152047974,7.00353177283798,5.75453739762796,4.51189285374427,6.4380041571112,4.4803897157959,5.45957557890087,4.83159044236855,0.0284999999999835
"NCI-H1703",7.05100933370136,6.1181795538885,4.20487122147866,4.39147790918371,5.499752833106,4.54553935390827,3.91138017183279,5.012249993938,0.0569931545450536
"NCI-H1792",6.40725181615781,5.2393963493943,4.07028678176873,4.35017238832362,5.78217038223294,4.63241925868948,4.09264201902913,6.36015024841734,0.036223896614207
"NCI-H1793",7.42129958509529,6.685271976062,4.80501464570278,4.34911045663959,5.95162195381034,5.21428365598019,3.9259875814812,5.3297157433371,0.142220806267932
"NCI-H1975",8.21336366814899,7.51227301833613,5.37550335448688,4.61505628493054,6.41975452331898,6.01881458896192,5.40275172299813,8.25767250344109,0.0522450057522059
"NCI-H2009",8.80336023289061,6.39938608230005,9.6040110559656,4.88848879671629,6.38674575434866,5.95255244811452,8.34132781523647,7.8574477842322,0.0824950399086593
"NCI-H2030",7.16704254650103,5.99748585443605,4.46338076850213,4.04098464960413,6.88152912830298,4.48064900021253,3.91463426745951,6.77407788485584,0.156933801544109
"NCI-H2052",7.47678064252119,6.2413417536669,6.07061983917604,4.42736189024494,4.83250071847242,4.42451513858595,5.19863901398069,6.58685975500229,0.099878986242815
"NCI-H2087",9.0164436420458,6.33104982186672,8.63585102830693,4.96701051062506,6.51242996508246,5.50130404824689,7.26974857414783,8.32111619870292,0.0863111452600085
"NCI-H2122",9.55354205834447,7.12031343191034,6.74642360966815,4.70345129318545,5.79846550063538,6.35597593872485,8.19665185927272,8.68152125747122,0.105763432530989
"NCI-H2170",9.68049746744784,6.28519853963339,5.64344877980557,5.0080108342352,5.39445399799989,5.94364476525819,6.10938784926125,8.92638153858392,0.206563319940678
"NCI-H2228",8.19931706641001,6.55942322397544,5.74624735898352,4.12213826132792,6.14557314108436,4.74396148098717,7.61612068881988,7.21935307276509,0.114045310700619
"NCI-H226",7.83782987892824,6.42767368306872,5.40965119220077,4.34314810581339,5.77737301567303,4.25726626825922,3.9827506468723,7.41377313413619,0.00612994770628805
"NCI-H23",6.76215796032177,5.82155090291593,4.60770228009948,4.20286839106686,5.3439568063957,5.32545387511158,4.2501374636489,6.61755854120124,0.013603330166332
"NCI-H2452",6.58483731393816,6.19623660243198,5.54576521566239,4.47889939861444,4.55093018529909,4.50031447791434,4.40358774353727,5.39017365335052,0.0942255528691011
"NCI-H28",8.13651888713505,5.47318954217427,4.44518975714365,4.4557329995643,5.29213658012853,4.50938757136803,5.09322327523679,6.45696369199795,0.27387173467131
"NCI-H358",8.85214004495598,6.11325628362151,8.26323950211143,4.71059999824768,7.1067321490251,5.98416925494493,9.13046809632889,7.76405951352758,0.188911090968294
"NCI-H441",9.66951705738127,6.03562381671582,9.77907343562351,6.0655672681944,7.59165889679221,7.21260885622798,6.53132257226179,8.3896357284734,0.0358344012341619
"NCI-H460",7.31860151347567,5.42239128592257,4.59763917138344,4.51726806310647,4.3855739656638,4.91806180045137,4.14975546781588,7.2302375327502,0.0164182187267122
"NCI-H520",9.0556315501432,5.65689680698356,4.62393937805633,4.60416885726736,5.7831527067348,4.7802205073763,5.0789274592864,7.65955249663986,0.000464270693344648
"NCI-H522",8.53596829876144,5.96205039481991,4.149400026635,4.35513613834249,6.13409076596999,4.40260765624642,4.13367558386214,5.01332252492382,0.0403487515735879
"NCI-H650",6.39279877077293,5.04858224067436,6.37447252516196,4.26164246539621,5.67605727119191,5.5551293452762,3.82465686748106,5.22415692476731,0.00551956284360522
"NCI-H661",7.48846086879501,5.38603021756654,4.17578192527086,4.72555767672165,5.29508193003347,4.39738302967393,3.82792137685652,4.76732497153185,0.04137499999998
"NCI-H727",9.32322430984963,5.80952937873771,7.03786578446891,4.86702086731494,6.2889307577998,5.63489915240384,6.73015091831678,7.50380043942449,0.0446250000000132
"NCI-H747",9.98203233746035,7.11357067858449,8.71584194539098,5.37853111588206,5.51479975535473,6.07633351141464,8.36603555438826,8.86828754500347,0.0981148897876413
"NCI-H810",9.79258784362385,5.14309203498747,4.22365820491275,4.37542325719064,6.11422451116938,4.53873965508579,5.09243381245958,7.31358246428189,0.0312500000000095
"NCI-N87",10.2113399295674,6.86346221312457,6.02407358457966,6.03853755532804,5.61937015660408,6.45300716944195,4.97053625345539,8.35142956497281,0.0927102449257784
"NCI-SNU-1",6.66951257742707,5.43336682216419,4.20179823458317,4.87761391159624,4.09366408592525,4.20265793075343,4.00932880828388,4.91926242291174,0.109336373962966
"NCI-SNU-16",10.2881602082829,7.03995070194329,5.64427917823417,5.11469045401523,5.97684892128594,6.1214294334402,4.97080243802893,9.16648826919703,0.0624655101747016
"NUGC-3",8.79247540395337,7.75995262018858,10.7196288030036,5.58859748569174,5.34730578762693,5.45914630928115,9.83782948569569,9.25978619990534,0.238462657964409
"OC-314",9.04720129761669,6.7722392992829,5.27235080046951,4.79314124810984,7.33526322933615,4.59475916324587,4.68681981742475,7.72421988887685,0.0419109271653013
"OCI-AML2",6.81086546124504,6.95276895947058,4.24449218100004,4.56926489029319,3.86653194168747,4.32661251962628,4.10453517672802,4.96107555972325,0.0304367215754431
"OE33",9.70587931552637,6.10983746370538,9.70303654720073,5.86910764832386,5.92964990869526,6.84868228893631,9.60922292040631,7.59352046468558,0.105356764300622
"ONS-76",8.09999926818433,6.53823528552255,6.09973445640342,4.31551953240539,5.13639025171418,5.03540976291034,7.53698777366102,7.89464851647801,0.0237358607677965
"OPM-2",6.85707990479637,5.18219521031637,4.25357674213756,4.54425518046532,4.28666983122094,4.45035805720091,4.0875375453272,5.00766595605009,0.0670338345084514
"OVCAR-3",8.30467117446052,6.5931409635642,5.90521679203408,5.51021553830872,5.6616079542518,4.99524509762388,4.25113167318142,8.08242223230116,0.152131632170089
"OVCAR-4",8.55880620849809,6.44554802154389,7.64750026631831,5.32075792241388,5.72640116723626,6.21901734725028,4.17292539602374,7.82698408343968,0.092005660585205
"OVCAR-8",8.11220997895112,5.73820322638051,5.92950409660864,4.59733972877776,5.03110827469743,4.56754582826212,4.1137191819889,5.86135213207474,0.0190845511565995
"P12-ICHIKAWA",6.35332266552158,6.01755873430584,4.39118076580651,4.69332774718362,6.05660077898976,4.582848313523,4.04707053798634,4.80308838795267,0.0467376391333637
"P31-FUJ",7.70280275009732,6.68453826505744,4.242260096796,4.5480713008121,4.40398487880534,4.67259281278192,3.90628037733511,5.25588648144844,0.0101730637355268
"Panc 03.27",9.32134063330451,6.92976015880014,10.8208512610081,5.56002328554723,5.94505272382298,6.45329334980712,9.47272786783326,7.29634129461811,0.0725909709091983
"Panc 10.05",9.48363781584117,7.50418961978983,7.1983257734861,4.98537792459978,6.04279930004982,5.90384697643487,11.2640378052945,8.78872722686049,0.0789021860563246
"PC-14",8.89173491057752,6.59794036700196,7.06115172743385,6.80307283657334,5.64361455097291,6.64350859260987,8.85442154956826,7.74636106254834,0.540940450602735
"PC-3",8.59459954726678,7.39345428418764,8.53021963550956,5.79708883594439,5.93594520244195,5.69872058181674,5.26770175087476,8.09580405045326,0.0552441144544559
"PLC-PRF-5",9.33143422152361,5.46754409859774,4.35342202169639,5.07446410060061,5.74866079898301,4.83198273565102,4.23431002213504,4.84589689456112,0.0900490520445631
"PSN1",7.68511338579642,5.55599009981058,8.56354737287775,4.35871460841296,5.59706147114311,5.45341804302226,6.75664842783583,6.81412030738531,0.0356318899855583
"Raji",7.02322338182206,6.20880409479326,4.42369380584,4.73702575362264,4.42513758629719,4.84304804485243,4.29055892008224,5.02721914853193,0.00551992741310425
"RD",6.43639261491875,5.50089271572664,4.09739585126881,4.1497039094923,5.81952522782929,4.25886155549259,3.88277927406088,4.86128463398852,0.00224693553573452
"REH",7.68611835373839,6.17398165255872,4.50581964626505,4.2878728722506,4.13998726376679,4.60132008608978,4.83629448246635,5.37283328269102,0.00772981044883714
"RERF-LC-MS",7.11570837133273,5.47008320452884,5.07933070709283,4.47749212582824,4.85174203955379,4.5766435944019,4.85030033896534,6.63917769287505,0.00418477518783433
"RKO",8.24117561060983,5.795725386927,4.48674098308432,4.52204832392902,4.36432496199076,5.95923817167022,4.32087630889882,5.7094589177886,0.00508940224508225
"RL95-2",9.03452010135553,7.03956051321508,7.41914043644532,4.2726129714321,6.17179187055356,6.67918511186536,5.11525612206434,9.01466053640121,0.22571826064209
"RPMI-7951",6.30075894067234,5.00548467422666,4.41512601573734,4.40894168057075,4.73464143958908,4.21395720135671,3.99872569898462,4.98733779100696,0.0409668575891187
"RPMI-8402",6.46849842973055,5.55475304200282,4.11373982238956,4.80372642716069,5.1019754851655,4.53833446204843,4.11285047310688,5.22942734385482,0.0187805913815818
"RT-112",8.56321157991283,6.13628515692693,7.07626307437072,6.37882540565286,6.23542782434032,6.26740050711681,9.15287525949855,8.79258391381181,0.0564007620631004
"RT4",9.72076245281698,8.00646065267064,7.46918460956413,6.72363334272568,5.69857182252611,5.14055987894414,8.68915997588571,7.53167513659774,0.176147752675761
"RVH-421",6.68747101421359,5.65515953975476,4.21920356901785,4.60659712590891,4.91966625345736,4.77980807246562,5.4007893944237,5.20846783092389,0.0176129207042673
"Saos-2",6.763423432841,5.21127592492311,4.22813453716642,4.1578302095052,3.76051934290362,4.10383340371573,3.85285865721547,5.02413501945803,0.00539994582583625
"SBC-5",7.5146126198945,5.58257444332595,4.17760440408335,4.39412155943073,4.57784550953771,4.12225285941976,4.18743718004844,5.59923199810341,0.00441444167839489
"SCC-9",8.95197926975245,6.24553199448459,11.2953551735926,5.00855326385336,8.05887558441217,5.23114183056689,5.60016421798692,9.19621736155819,0.219030060947369
"SF126",6.95576331322434,5.48354569981026,4.19830114705201,4.33135897247017,4.9564542596549,4.05923635462626,4.09103624770049,6.17804365577581,0.00313995098662212
"SF295",6.81287936373806,5.358173398536,4.10035949396579,4.43373129772754,4.04766871301832,4.62385994271814,6.39497686289199,4.8731697411531,0.077947633583699
"SHP-77",7.56121147526026,5.364954191011,4.2404717578765,5.17291112715291,6.0167166714278,4.387932424574,5.13399230445124,5.32180558741006,0.0288750000000049
"SIG-M5",7.0167542055771,6.42706461191454,4.23454344663274,4.75202720114583,4.30834556737793,4.41753192799053,4.09784510369245,4.70839086822456,0.149136554539324
"SIMA",6.2768384881022,5.44788566329334,4.21074303436744,4.65170432903051,5.78352353753816,4.37936510684487,4.58079591867394,5.1120310594556,0.00398849576686244
"SJRH30",6.5411986260701,5.2902354376441,4.17244375052933,4.76247070519683,5.066762779122,5.15858123384948,3.88652302490823,5.01178926451573,0.0183801192598461
"SJSA-1",6.91661735452081,5.10318012750085,4.25160360360102,4.21200874976083,4.35917308012854,4.39278192125678,3.7369190174398,4.9917971316556,0.0463126080044473
"SK-CO-1",11.4971741156423,6.80805525314564,7.83408722787253,7.06538750280281,6.86874460703219,6.27789926050196,6.06529055874045,7.17771386372844,0.135559770075422
"SK-HEP-1",6.7002392713527,5.0488753900578,6.60777583717513,4.56838150710895,4.64635909585599,4.1901180988398,3.91515114493478,6.18216273509034,0.0227064505863465
"SK-LMS-1",6.55678623069811,5.37444617066921,4.34445478845301,4.34248356498562,4.2245554316255,4.53327525359417,3.9416898943289,5.30264889887136,0.102831231850038
"SK-LU-1",6.67595028325421,5.22880994513939,7.7091177640198,4.2535260272573,4.6179066737053,4.49205465321088,3.94347620668067,5.90742516053663,0.0402151128671169
"SK-MEL-2",6.31495117674034,5.14918460782383,3.94434522027025,4.35839243046667,5.14892217272094,4.3780967825231,4.39710240413648,4.83816819555758,0.0122499999999774
"SK-MEL-24",6.41087722585644,5.23834111566041,4.31243086503385,4.19438474382143,4.31269422009243,4.56034954371879,4.85983766918377,4.91212122564657,0.0178406851073558
"SK-MEL-30",6.62390256263026,5.2516194798553,4.25544196696004,4.51661308375136,4.81129255828298,4.31826051739718,4.02692076918116,5.00571630439903,0.00627453766567621
"SK-MEL-5",6.7193052402277,5.60466730611978,4.30190996045912,4.13002218887931,4.77886482690016,4.50515077065354,4.61953752602097,4.94464524582892,0.0558385793080918
"SK-MES-1",7.50975696617532,6.62971762199851,6.55309985982538,4.32278396654841,5.43848183014173,5.07539963203066,8.83558660347514,6.96147952385479,0.27689061489317
"SK-MM-2",7.04356505314979,5.64493771677849,3.89157185576046,4.28312544740862,5.32070405859631,4.47164601345759,3.99952209220584,4.75530326154148,0.178753500314777
"SK-N-AS",6.66090433408165,5.40958919825744,4.31167620161858,4.69401560331217,4.44115597205186,4.51874435372204,5.25020835784363,5.18174214604742,0.0244355177348076
"SK-N-DZ",6.19763473349016,6.9796650634153,4.19640680437739,4.75539565390619,4.91200495676722,4.46428106875498,4.23071343429684,4.87828307787169,0.00244857574902735
"SK-N-FI",6.04568505603388,5.20301481249204,4.40956995369118,4.42737565584965,5.08372445635796,4.46765076819678,3.73196483551087,4.69413540908759,0.0511250000000146
"SK-OV-3",8.62868621455022,6.41079149337238,6.52571580896903,4.47433226134565,5.70056783995062,4.37891334866254,5.20139095878424,7.55866120867509,0.0979974309381707
"SNG-M",8.56705212725751,5.81147897832174,7.73284396074926,4.24275486934608,6.57629080712727,5.30725890105231,7.5658051885815,8.10617266572975,0.0811793895559483
"SNU-387",6.52756570560518,5.0805965275464,7.72479010291106,4.44974590215369,4.63015362597909,4.77225276269993,3.79412420105492,5.82452250345159,0.0469875000000191
"SNU-423",6.35754332467149,5.16152847006919,4.22631951681237,4.49785716106346,5.24433632439628,4.26810043787502,4.75442489777359,5.24427874639881,0.0464559201132997
"SNU-449",8.98401350100032,5.40381442177848,4.25656352376752,4.36459889876654,6.4629450160345,4.5277752236323,3.89227136050285,5.45575635132031,0.0635998672226524
"SNU-475",7.36966518178285,5.0079862945278,4.0916664906506,4.32702753867994,5.9545226577586,4.11445304175552,3.93884321403219,5.03194024937596,0.0673000731000959
"SUP-T1",7.07861453123874,5.83310832814208,4.52154840360236,4.50745744321254,5.18632429415794,4.52771205929326,3.8964022379931,5.3046364309157,0.0496303414143008
"SW1088",7.2053414907086,5.3738099524827,4.31219206669924,4.11199513503339,3.9378479556732,4.20436076238753,4.72567561927804,5.08371933899851,0.0597807624117361
"SW1417",9.8983128969107,7.0865842025226,6.20987107218046,5.46522141647709,6.05339464223323,6.69480221842764,8.01275398125101,8.59194666673067,0.0119424650196592
"SW1573",7.29540462583053,5.31830778428698,4.15076639020326,4.31616783647566,5.16627419984358,4.54162321428593,4.04460485156169,5.29617363985521,0.0772478531768002
"SW1990",7.86624248609326,5.63157838591984,6.93993457125703,4.67798663701681,4.95806298484484,5.70100763837239,9.22881406341097,6.9178239163106,0.0581132366122344
"SW48",8.79530132524776,7.52226247704046,6.73323606176604,5.20997475682197,5.96695103807718,6.15819358958513,4.33540394487355,8.42260140507005,0.343234243867047
"SW620",10.0342352110358,6.2882982138678,4.87043105627259,4.35446609374463,5.62302961845115,4.81823511617687,4.34156647173093,8.57611607611043,0.00334224871231981
"SW780",9.8133792716904,6.60737032740709,6.7691631790666,6.08111237139307,6.53497420357857,6.004202150906,7.73127884803978,7.35873955185957,0.123548403250752
"SW900",8.53823244302061,6.0960604202463,8.93871752999947,5.33242904172432,6.46006384746303,6.20080692006467,7.40083797431721,7.56637354329821,0.0557605464905558
"T-24",7.06257196923622,5.36525936475911,7.49000339885273,3.98746161988123,5.83751508471411,4.58067768592052,5.58094430221059,6.70409747380732,0.0816369320887013
"T47D",10.1412892505896,6.80671397345789,4.39907837445157,5.15951481472707,6.28175454133064,5.48420369743665,3.77182498648366,7.85765668879446,0.06689549956103
"T84",9.97088852456315,6.99146419972942,9.02979530601943,8.14573852796495,6.35856543362012,6.36373799997334,6.95408916731437,9.59047817196558,0.0648092399897592
"T98G",6.33673917083729,5.41545533855448,4.31311057512482,4.80465430416507,4.12977155297089,4.29809146976041,5.18550855533949,4.88716383534821,0.0294470072702795
"TCCSUP",6.3424901620524,7.02921451824441,4.3034928237352,5.51284678706109,4.73687074026475,5.22739035033094,4.22663954926017,5.6796585055189,0.00546034108933446
"TE-1",8.57756615520063,7.38343577693446,8.59587072254253,5.47118944019195,7.0091075886949,7.05920803439971,4.19945800816095,6.72572235711384,0.103828455719309
"TE-11",7.98618289736277,6.6372683814155,9.44253687863269,5.43613217704216,6.27856595800865,5.56591142697018,7.21685033422081,8.96095382204315,0.258841899431104
"TE-15",9.09413687089487,6.39567130885872,9.85825220369651,6.18104147448251,6.54476507779379,6.38344170837586,7.78423729916341,8.96479996687769,0.240444361303811
"TE-5",9.54763138617476,6.29147600419414,5.43173840530412,6.52367452263741,6.67933695847459,7.7717725885718,5.71678897773622,8.33624039510464,0.0276774699077714
"TE-9",9.26954845893255,6.02486817850311,6.21704363521174,4.5982252857773,5.7862848763909,5.42142004195122,4.78516735251294,9.51268091712931,0.0813901956462626
"TYK-nu",6.53327833742456,5.57190791538738,4.04499370109968,4.20915776961637,3.99159176390126,4.55085795363268,3.91875496462726,5.32320358706606,0.00508941687390529
"U-118-MG",6.03734886244949,5.09317887196945,4.51162723702828,4.3506158044586,3.88324916845243,4.51230806770094,4.74114313968213,5.00243493101337,0.0330619268206964
"U-2-OS",6.0117724898183,5.30037409977191,5.26868739451528,4.22034872276966,6.34415627071217,4.52011986447211,3.96374170621628,5.6942387078981,0.0506052514081643
"U-87-MG",6.2655370231034,4.93912621472325,4.95269828733655,4.37287939084024,4.98881548425402,4.4976034787576,4.10032086334613,5.39464400301807,0.000384199047795297
"UACC-257",6.74854847969408,5.41156356062541,4.19692992340668,4.36624305897494,5.16342636351214,4.38300528192319,5.97061047530088,4.94057035980543,0.00659501450670053
"UACC-62",6.64426544296892,5.42482492254799,4.27684098481878,4.32608870971438,5.04276315540289,4.95943823950927,4.20769365005432,4.89900091334947,0.106690079648652
"UACC-812",10.6784453850439,6.65616018487857,4.31714686495127,5.84852996568346,6.5805972965941,6.68630324054713,3.99456680607521,7.40096007741469,0.0512525006047635
"UM-UC-3",6.68293339058467,5.43233262715803,4.47471274345874,4.70788230499263,4.81305656470372,4.69313348981259,4.13100797904108,5.80351825048387,0.00118553296549584
"VMRC-RCZ",7.7275766667282,5.5133764606286,4.31218685649334,4.22061950947878,5.24179199107804,4.87912875404909,5.01134418901775,4.59732405021115,0.0381618443321005
"WM-115",6.46960287447878,5.23047213075065,4.213844650741,4.07828376343914,4.25805115188481,4.64755952328768,4.37700320231405,5.00375672289153,0.00950212472418366
"YKG-1",6.20817974832805,5.16572021283567,4.02958380261772,4.51529244798348,4.4698951663068,4.10374405806457,7.54089318942441,4.91977978594139,0.0382756406188797
"ZR-75-30",9.44490660018362,5.88985245090875,4.64978981414893,5.19600657045801,5.66709174202714,5.52801713136148,4.27622119074674,7.63839908252038,0.03162334980768
"1321N1",6.41214028965054,5.70506893749555,4.16491003472675,4.41835160740654,5.08782851210669,4.44627940013799,3.8489713578558,5.20945558442983,0.0626456801876653
"42-MG-BA",6.91363107102106,4.81847194021088,4.21553216285627,4.3815413002582,4.60622659362155,4.24692775066745,3.94166928575403,6.06980770100413,0.0969813356355267
"ALL-SIL",6.60866709790959,6.50774988097535,4.25324934074537,4.44993862804429,5.97635485616419,4.60310527282471,4.09826181022485,4.79430056250057,0.0837294963585979
"AMO-1",6.92485847860165,6.01365532396288,4.078818050782,4.62911832617396,4.57119503304205,4.75367504614877,3.75994461186168,4.95531734814824,0.0407364150535529
"AZ-521",7.27461377802015,5.20124327873208,4.29709058581726,4.62224933457164,5.70387483323338,4.36016841451656,4.1833585638953,4.89491977643399,0.146590449199254
"BDCM",7.20583661520494,5.9884206838166,4.18297562993917,4.62915425105315,5.11815744577312,4.298782980422,4.68522576514177,4.83086464863158,0.0168823013481282
"Caki-2",7.31185337673952,5.3467579907099,8.67856222901563,4.46487767305072,4.75412687724067,4.37295849582038,5.20170468435201,6.97214992327195,0.127161873969088
"CAL-78",6.63431148974154,5.34191090597392,4.05671709602521,4.43082633361574,4.79990312565197,4.26448710972579,4.3256715735143,5.1774584178633,0.030486579009907
"CCK-81",9.79876065964941,5.95414337668702,4.4346105009119,5.78791841964937,5.57216901585644,5.87305945574996,4.62972155957828,8.31137735431806,0.20739255542648
"CI-1",7.27036415693173,6.57526103709381,4.24209426261303,4.15380004472044,4.47084912894912,4.68094444553562,4.2299647884654,5.32670885011634,0.0263385919859803
"CMK-86",7.19825118035949,4.91755218657013,4.07732651939844,4.68382274612993,3.80138253780311,4.65385556312091,4.18257358908359,4.86556639871287,0.0739549330550985
"COLO 201",10.2177709831347,7.24429285263711,6.65277539804963,4.97034961498408,6.22398184765393,7.65154391146417,5.10103951237185,8.91838435494348,0.0253474000101276
"COLO-677",7.5002082447978,5.77264868040702,4.30478763186362,4.35465557859682,4.20224733917414,4.54955804406763,3.87161312622228,5.23550362841173,0.00950246566152024
"COV318",7.64723023551206,6.34012400644101,4.89294614056162,5.86738511552711,6.3633977338199,4.64724969003712,3.96284969511852,5.43321051624035,0.000624172875154816
"COV504",8.01215295430767,5.27153378381524,8.85845518143656,4.45357999056902,4.71112676825406,4.43092286974005,6.60312994738554,5.63978926829702,0.0805434748250555
"EB1",6.8976114042816,7.24286818364626,4.28620022037213,4.37610325316899,4.36725850315278,4.35212181592202,3.73145827858988,5.24176753910395,0.00619180263596486
"EBC-1",9.14822609095784,5.05082196405448,8.11263992492332,5.20485736411256,5.21810452378612,6.53681015522135,8.33819608523812,8.23506267329074,0.0655821359568078
"EN",7.53491627548457,5.5407342877894,4.22656396763528,4.56243099761975,6.70600191138201,4.39829185128407,3.86607090703247,4.9778361418475,0.020012499999983
"ES-2",6.47288987397801,5.39611278899708,6.30262397042434,4.23690938497194,4.8829012864498,4.77896790159966,4.37384978481296,5.31043732516118,0.020847323631678
"F-36P",6.55341605805788,6.86638713683772,4.07085203997566,4.26734476767524,4.52483508951901,4.47487951475203,3.84895678472905,4.83152615201079,0.0168625133862449
"FU97",9.00212342720969,8.8225917677417,4.28768273472629,5.79199670267521,5.08308370507008,4.68088527188202,3.93153598817039,4.96772347735259,0.0630894711229278
"FU-OV-1",9.20332758113074,6.22739031754274,4.37146071252936,4.77627179889493,5.91693441798039,4.56170200086521,4.27877634491405,5.02184391996747,0.118941062369177
"GRANTA-519",6.59468809141954,6.43425872363854,4.20361130625823,4.76144411577158,3.82329416310764,4.49801227143797,5.15458191156318,4.99175426849715,0.0327037521557405
"HARA",8.58612325381837,6.51964903263781,6.81090192365873,4.78215976478784,5.25315599317044,5.02553612676522,4.08701210242622,8.23076834569013,0.113943196850082
"HCC-15",8.85208078018766,5.72674955930354,5.34463845516084,4.30392372756513,4.80796007355006,5.54790978228577,4.10681498616614,7.83365177275895,0.0316242092047767
"HCC2935",10.0886402013284,6.74552785266476,7.32676163498388,5.89790563664487,8.52714765862903,7.36621804648989,8.34952389535117,8.11058897232188,0.368565322684801
"HCC4006",9.63573309980162,7.23289190707757,7.94825066305908,4.80771768551105,6.10951392889743,5.73809514088872,7.8034704758184,7.9013578733101,0.492862945062867
"HCC-44",6.48218707618678,6.46885883640052,7.4730233177691,4.49267680095774,5.33317932817261,5.85467855511734,5.3150114804795,6.58180253122547,0.00729468617958273
"HCC-56",10.2962330370885,6.25143045335329,6.01373404409302,6.17328996831433,5.38266966217658,6.55034399076281,6.95995468764291,9.69602433825373,0.0578334854028187
"HCC-78",10.4357876453822,6.64257537915297,9.45245092726111,4.9123778435691,6.33590741532919,4.8796534856686,7.9102607361333,8.1467294403784,0.00674104947431464
"HCC827",8.21502852932382,6.72819580654969,9.02167778676526,5.09375911648812,7.29636507463095,5.41989722314557,6.52511037465836,7.71818300307546,0.578809311000304
"HDQ-P1",8.66910455400813,7.55953505551119,8.47391999683276,6.99396244833613,5.7291805264036,5.80547991296561,5.82126806489733,6.92483919923322,0.210665232024632
"HEC-151",8.90785438004312,7.4353427941153,7.89300638844064,4.74170560953756,6.14579972402125,5.64543783214197,5.4620697529206,7.38856576870421,0.243796217056068
"HEC-1-A",10.0281239838575,5.33681945495813,8.65221708009413,4.69671385117121,5.90496486600322,4.75670612941204,8.70996430663355,8.36167939210788,0.00309800727027587
"HEC-251",9.28020306782973,6.73803080461485,8.52548635337995,5.58905444087674,5.51837921031672,5.63126676360873,4.072152649452,7.18310906425033,0.0692994896905026
"HEC-265",8.44082126999051,7.38868050789579,9.89883134964377,5.64608538528596,6.10622796047214,5.08494895407784,7.40884667054296,7.67659211608223,0.000464270693344537
"HEC-59",8.94489057302127,5.5806693764739,6.16561759610289,5.88417280518487,5.54025191294645,4.94584380840229,4.69542489343439,6.83486465390704,0.031216424558866
"HEC-6",7.80670182746437,6.75725524394863,7.35660794306789,5.44106187428971,6.31828882969126,4.75768748734759,4.21679777610917,6.67831706782243,0.0659952029050084
"HEL 92.1.7",7.12775107533336,5.54029869982801,4.06446384215894,4.18194557497179,4.16323637825408,4.67788902231952,4.28110528023045,5.07283450157169,0.0179132350818674
"Hep 3B2.1-7",8.78376588112585,5.97378491804817,4.09479006871529,5.06323270048673,4.9844588186861,4.33202770999004,4.26440287020298,5.56658428383066,0.0568749999999916
"Hep G2",9.26642991936006,5.12749879515372,4.2861845197021,6.31265419823549,5.11737958750011,5.10993845363116,3.76954569883024,7.17655071630572,0.0308065667902422
"Hey-A8",6.62162078176587,5.33325898980439,9.28053294801321,4.28512967499077,4.19538505225719,4.57373468939414,4.27670709171476,5.53895910841712,0.0154576867497646
"HLF",6.55691934908856,5.15426090797687,4.50085778954465,4.58059511725841,4.88455589021127,4.84552694746901,3.74982006284682,5.53637578736092,0.0199095651124359
"HMC-1-8",6.55108038320499,5.48786864378633,4.45711052429202,4.72900726763615,4.15707885652055,5.0869306671093,4.03686777868428,7.45613495998306,0.0194157663154305
"HMCB",7.39439029904244,5.33537357057674,4.05887961429693,4.49157214166089,4.88611668094099,4.67781016656933,4.39138081358887,4.77499780833773,0.11785068415135
"HPAC",10.2727912385431,6.1983553410809,9.87951946441532,6.14224418485267,6.26309746513072,8.54578575177898,6.00093520686054,7.19867869349994,0.070394746377945
"Hs 229.T",6.08453329537344,4.99144847162279,4.66438855724253,4.26410492863604,4.47509861553143,4.38169064402807,4.08416071073774,5.0241971377839,0.0141249999999843
"Hs 294T",6.50177526675812,5.47032120648069,4.2678373976352,4.42790304608892,4.64793376183224,4.54078604300434,3.96355775726346,5.12027815339929,0.0371400567307849
"Hs 683",6.28099508842727,5.29462167249357,4.18161403833535,4.37577441027341,4.86492701761289,4.62655705768017,5.16395141079548,5.03414818692767,0.020401306737542
"Hs 695T",6.35053463029006,5.60562503318203,4.17901699838571,4.58864528249841,4.68492216494138,4.20658304323938,5.17313980892842,5.20214517436615,0.00309800727027587
"Hs 729",6.48396494770667,5.36082334365078,4.1746541298431,4.2960336975703,3.92550392879014,4.16941543023565,4.33019803188022,5.18803291583505,0.0101571347491569
"Hs 739.T",6.86810637662764,5.40947409734606,5.08786704382009,4.36029971041144,4.23983437583694,4.30537599731391,4.01064416558858,4.81894387652116,0.024750000000004
"Hs 746T",6.76742925816749,5.55299698570183,4.6562527657312,4.10940352133422,6.07911483846311,4.6778520481289,4.93085780250977,6.94795406995838,0.0283346879845906
"Hs 766T",6.49330464738123,5.23366642245132,8.4382176436056,5.02593631310949,4.86055077187206,4.69793941478837,7.89491503097884,7.78968504984089,0.0991127591713238
"Hs 840.T",6.21122642860032,5.30966633909139,4.23913092869427,4.1570077708984,4.28898412027368,4.46804164147381,4.00251628109276,5.39559727449215,0.0148035362543254
"Hs 852.T",6.23005492305747,5.24922337078874,4.07527986343237,4.44326467589604,4.79604299824778,4.5536316656876,3.84794430841022,4.93136852482859,0.0635297661994855
"Hs 895.T",6.77055233328635,5.28194134253425,4.69063641866618,4.57043683769397,4.26098355450308,4.42848887516679,4.25284906167721,5.46419742673266,0.0471115895214133
"Hs 936.T",7.29068799687356,5.63113273737838,4.23334095841689,4.76956865251452,4.95388224032568,4.96154995375018,4.41470561544953,5.3119395798008,0.0159043593612461
"Hs 939.T",6.36529463990675,5.22808744775246,4.26022278240846,4.21012092621616,4.39619766933283,4.85337762630755,4.60746524820368,4.7955799671711,0.0215805101821392
"Hs 944.T",6.73752185802379,4.91576686546983,4.35346402693891,4.31491919469117,6.24235624767756,5.13900738038084,4.24334625471016,5.09711449972831,0.0221915220052183
"huH-1",8.87844963056831,5.4682977205996,4.32673293228701,5.02176218034437,5.38212215721073,4.48986262366603,4.20396310354589,4.77652664646346,0.041093258626028
"HuT 78",7.49323287703332,5.62637497158806,4.03413233189335,4.42487622857838,4.57631347852436,4.69895709932223,4.05070356254853,5.12701095893021,0.0546321495734314
"IGR-37",6.57205299447669,5.33347850358457,4.08535342649215,4.29663822119395,4.80683714872572,4.54023610057301,3.95370288850851,4.95939061943406,0.0408537848847811
"IGR-39",6.54558223358434,5.04816603385767,4.68398196924483,4.42876484253066,4.36771848168542,4.43514953569836,4.3588131080739,5.32271005342857,0.0490884277925594
"IM-95",10.225303607639,6.72983299969642,5.37835645548525,6.30827516838046,5.72178884529623,5.43847604755147,6.96367193218623,8.73819418719567,0.143708301054949
"IMR-32",6.35858049406257,6.45844739033928,4.33464644962544,4.59186984627292,5.06020752967268,4.17117348927383,4.28331801659366,4.68108530756161,0.0189999999999934
"Ishikawa (Heraklio) 02 ER-",7.85730175265006,6.69814209622644,5.56431533328506,5.78891973672201,5.43179040048812,4.96378863753426,4.6315043521381,6.08863375612628,0.22717142148016
"IST-MES2",8.46364375026763,6.65968066872329,4.13377009572197,4.29778740743193,5.53792291132718,4.44509618959482,3.98160742728361,5.26744856536182,0.0203436918505134
"JHH-2",7.39307153242196,5.91430571747649,8.73841632625187,4.63021652438648,6.12540304560086,4.43172685204226,4.15248060294816,7.44303189139936,0.0796093697806365
"JHH-4",7.82823735737135,5.01454972477378,7.02376909413527,4.55526229510875,5.59173215429396,4.76426293460145,6.6928106610195,5.06368686896523,0.060259945306067
"JHH-5",9.54631329992432,5.2655700801844,4.46013122567134,4.88639310988864,5.18716534205924,4.29409941442686,3.92910455253021,5.04878636256545,0.225407328948372
"JHH-6",6.9057669622993,5.12696939586515,4.2698506395785,4.56126580819253,6.1705555821459,4.33699824545326,4.02875458440334,5.97355464191264,0.0296249999999951
"JHH-7",8.32870536062404,5.0672464984014,4.21760907351396,5.13010767466026,4.81951030899757,4.33440656653141,4.10564278756562,5.12821724144426,0.0642122162709783
"JHOS-2",8.91788329176257,6.69687234716765,7.83570226344312,4.84783251458931,5.70903655428664,5.37334931028902,5.08005751611014,7.57353280639419,0.0099389959158831
"JHOS-4",9.24721344244158,7.37590971601783,6.18068944014829,5.21311139406732,5.8250537442969,5.61362619330693,4.95085493354294,6.76862527163519,0.139785439378763
"JHUEM-2",6.56111817333939,5.54499608522065,4.01489438056021,4.61585016895752,5.46104838599423,4.35161323848875,3.97246033924579,4.45396045427608,0.0461841130571463
"JM1",7.33818591559507,5.9726205554653,4.41217430079953,4.78058331250678,4.89257890930916,4.50457526941259,4.07184568760101,5.36580559271803,0.0867208423757927
"JMSU-1",6.80742996954726,6.26708228379452,6.66603896338782,3.91402000934002,5.59567155951727,4.40427571469488,4.12129550412004,5.70555499984786,0.110973560750983
"Jurkat, Clone E6-1",6.98289906768921,6.29325161864158,3.95166147812801,4.48606494333184,5.81288643132436,4.17588386463222,4.00269095828719,4.44216647781844,0.0802655485474794
"K029AX",6.62919620334218,5.37813568232311,4.10466701373685,4.40074213019738,4.73080122390538,4.43656172568223,4.38679564033671,4.39893063809472,0.0114999999999841
"KARPAS-620",6.92975606384068,5.37262189263098,4.92360798723064,4.42861900179669,4.73543783536041,4.59557093366733,4.37479985678162,4.93848163311452,0.0283868473275894
"KASUMI-2",7.41143291107898,6.19358549082117,4.1805045259714,4.50110691175866,4.21549802003087,4.36228588807017,4.3523535906882,4.83846049560767,0.0516315312687057
"KCI-MOH1",8.79034081302761,6.48846165867532,6.03475364103356,5.62286035661006,4.92120563188888,5.97766745348414,7.87122660619177,6.6550259107293,0.16385544862746
"KCL-22",6.82782945126184,6.21907221660036,4.25083317824033,4.39500551610372,4.22189404677506,4.50548778383709,3.97964637848766,4.78475916302069,0.0474583231411249
"KE-39",10.7137164623408,6.29852578875143,4.99664647597488,6.02292880393624,6.35840363247397,6.58283380845226,6.67927187778556,6.92399281734928,0.184063871123661
"KE-97",6.31989991814447,5.89818558454462,4.31067417259212,4.72334708225215,4.95676393317967,4.79283839700822,4.19613657729152,5.2508006452569,0.090249105771132
"KELLY",6.50078715275237,6.0345480940594,4.03184246704027,4.53807256841694,5.08561749174644,4.34637948979663,4.38971604068811,4.40144600492575,0.0692499999999927
"KHM-1B",8.21765095446935,5.32992771575485,4.33309146999435,4.56882009649268,4.49563505567075,5.09775197582409,4.29612428569782,5.28924663017645,0.0542450087029891
"KMBC-2",9.57180697802652,6.71908078644308,6.17940267033505,6.99899746536877,7.39442640916314,7.6094043260417,9.21018363534667,7.87994688169424,0.0126818948483755
"KMM-1",7.52966044058063,5.48910293174093,4.28923326463527,4.31747314315045,5.55986446278224,5.02616151861114,3.89864205699112,5.28612749384395,0.0072946861678711
"KMRC-1",6.36324410269566,6.2951886090604,9.25784309548918,4.32404562455876,5.62364079828408,4.72881409670598,4.35032430333237,5.96577231634291,0.168783714013341
"KMRC-2",6.6852146249344,5.11807599716179,4.38786607706223,4.96084937082475,5.04897607857597,4.72121997732164,5.23598378078828,5.31302958277817,0.0607878450738684
"KMS-11",7.44788941359165,5.64692361405654,4.21857254170309,4.58443783405828,4.89493095112653,4.70807193897532,4.13252862852967,5.04200827222005,0.000198977998838945
"KMS-26",7.03085602780954,5.42062095588486,4.1140257951031,5.1913793029369,5.14961683807473,4.40817354779314,4.10714398974592,5.11038533880666,0.1215384860416
"KMS-34",6.9007153593589,5.74274839170801,4.10290918539269,4.84774501337044,4.38615921506391,4.55924064103392,4.36341455303925,5.36194462067078,0.00659702974217513
"KNS-60",6.85316136420472,5.53555451882895,4.13756864180386,4.58134821418741,5.36297400525443,4.24775697571861,4.22031563793027,4.96949314794689,0.00839823981041077
"KP-2",9.59218537208863,6.85766868742591,6.72397094582247,7.48700008762922,6.32131841723468,5.89071732239335,8.44835016906924,8.54197139635707,0.0502580136273062
"KP-3",8.31538642849546,6.01570217630713,7.25934760978776,4.39917750738183,5.29205929099994,4.91494679262525,4.90158910256212,6.50346273070898,0.0353577299946538
"KYM-1",7.4014133985908,6.65679767708964,4.21605571134073,4.75876025453999,5.4249020919788,4.12899175344237,3.97802860567325,5.74777042677199,0.0397301165191957
"KYSE-30",10.3009476811491,6.93045542543184,6.98104045955398,7.53995277610361,5.69180496308876,7.83404134487277,6.63850630387166,8.62295038574802,0.114586153999075
"L3.3",9.28805711737861,6.37208164348313,5.41756502578949,4.57756105920449,5.5708560383601,4.97962367065829,7.65144934575796,8.05940253505136,0.130444092771433
"LC-1/sq-SF",7.24412580772257,5.81557100802581,4.4968158348959,4.98612356582721,4.6250875320218,4.42460978724656,3.9481718484535,6.31825657295069,0.116501766137969
"LN-18",7.10361336614838,5.57006488863301,4.10369612820109,4.86664460931468,5.29287191297539,4.30693337951249,4.03227730823084,5.88734133310839,0.0758907571340144
"LN-229",6.56855415680992,5.2107805581884,4.08102796547071,4.61943390718935,5.01707729910765,4.29435489417673,4.03038157491474,5.5563051984155,0.0910889272600306
"LOU-NH91",7.06564210160449,7.13497970210612,5.13972531008403,4.146214242522,4.85157811084707,4.91293101659621,3.94589133328078,6.25021722192701,0.149612039601864
"LUDLU-1",8.73940087025565,5.73385402131687,6.01688657354008,5.94919317284244,5.92356436678195,4.4934276492269,6.59237755749565,7.49883973292387,0.216815334652339
"MCAS",9.47528797125433,6.81915202131565,9.32520976259252,4.94739968253199,6.32466377953011,7.45447322836758,10.2045889770024,8.72498016309491,0.0290333946166416
"MDA-MB-436",6.58516406198632,7.12855048301383,4.83569592447099,4.17819952225979,4.90201260430177,5.00736807598882,3.78058590871892,6.36300980955582,0.0833430261412861
"MEC-1",6.85693995728268,5.49345028050858,4.17728951706488,4.43284509635625,5.54433137847156,4.17642747814197,3.7617555675768,4.82588027613949,0.00883405607779009
"MFE-319",9.09688539951926,7.16897346587989,7.10315524064951,5.12567500198369,5.67960352243587,5.83113716507669,4.67913698009407,7.85447472603675,0.270457358091695
"Mino",7.35355593920557,6.03385499087318,4.03433906584861,4.40445567847978,5.79289107234089,4.46670198846507,3.98985707981228,5.00906931580046,0.123271353925436
"MKN74",9.30912302479247,7.26884918510597,6.78924120558056,4.65107926010609,6.59781086326137,7.45046049143802,5.35833140049582,8.9096347965954,0.0375028265739638
"MOLP-8",7.30293995100603,5.06856168556988,4.35858319322491,4.67114930541136,4.92199767109161,4.3618191907283,3.95416214464007,4.69064327005431,0.00907239565535234
"MONO-MAC-1",7.44839416921616,6.91072798857546,4.09520996357719,4.60180698828485,4.16547048660949,4.70764136054846,3.95208812673411,5.21110366690527,0.130140018972854
"MOR/CPR",9.90184984828323,7.05804065137507,5.88034361168539,4.89187530972456,4.92396155474726,6.32598330158389,4.21441998285907,7.84109526737466,0.0637858790230688
"NCI-H1184",7.09058334195964,5.9430724545385,4.3627432854985,4.42016575103755,6.07470435870795,4.31536624796549,4.39356368369075,4.9630767301533,0.0667728790055034
"NCI-H1339",6.63934716449411,5.89305362039854,5.25863994316334,4.25955443882565,6.01532446402324,4.26653939393346,3.82947768855584,5.7708282558234,0.00500690982062302
"NCI-H1341",6.92562997970215,5.96792924651703,5.00342243469514,4.2482365352128,5.51152203984314,4.4651431827236,4.73074013298577,7.17870798956098,0.107068725824299
"NCI-H1373",7.68151666545695,6.22395819568274,9.43263517953614,4.93450201920978,7.0515544672863,5.92111356173437,7.42013871976095,8.24132272156984,0.0785154547654647
"NCI-H1568",8.89924828242785,6.5943102622673,5.28562714108506,4.93912716092611,5.90855192200782,6.368247951607,4.53081580102906,8.35556833758261,0.199001862962909
"NCI-H1869",8.96840753104736,6.84617595284992,10.4651922619824,5.18645354351697,7.02792181298108,4.69907805201992,9.15581842725565,7.42292117743541,0.172465184166684
"NCI-H1915",6.78791672114047,5.50403245815261,4.66044471461256,4.54248537288095,5.07879662508741,4.19372280681411,3.95995087450737,6.06782707525945,0.0473003680234445
"NCI-H1944",9.13009968635931,6.94355452672734,4.7767582418204,4.60787747495397,6.42001214478741,4.6065365914559,4.28532808724032,7.22780688966592,0.117614786173307
"NCI-H2023",7.696787120402,6.31909863520726,4.19097106977933,4.82838538375083,5.54007685677965,5.13324998161598,4.08893443049907,6.15757883393921,0.0162571668083156
"NCI-H2085",8.81441188404564,7.15092414147656,10.0809780274474,5.95022670131931,5.73761019127931,6.5152297991026,5.26242093393818,8.06289032892352,0.0539301382080719
"NCI-H211",9.56537615562731,6.74683466040774,4.35587097118404,5.00422570808396,5.41553310700919,4.15866260915701,5.66138172166071,8.77281781523097,0.0218749999999895
"NCI-H2172",6.6340240351323,5.65521796020281,4.26480707996757,4.82408652049673,5.28595480160473,4.64470875526836,3.8996486081894,5.48496197498861,0.168279312193146
"NCI-H2286",7.67673842028377,5.60478817895548,5.25967114134313,4.38428219119274,5.48704779970734,4.60671622889682,4.06426087002103,5.15688761709484,0.0984045150896531
"NCI-H2444",8.45549668101528,7.22927821172634,8.53288366456941,6.69072976624631,7.62314279010004,8.78991029106691,6.39869965929859,8.20861361878779,0.0568974546820699
"NCI-H322",8.79203750883492,5.37148162955337,9.11605091254954,5.64750909666576,6.3774086961277,7.58552170213223,8.5598930354337,8.43998343027999,0.305913572443237
"NCI-H3255",10.2067431706389,6.90624639881103,8.75851545878578,6.93780694605666,8.76625522530442,7.88253767771923,6.98693031701969,8.65805900482973,0.561447866637271
"NCI-H647",7.59175937169487,5.71564464104211,7.61208820307123,4.93250452526863,5.11453543456299,4.84228483704723,7.22253106818359,6.2391910909886,0.00677429457752354
"NCO2",7.394858746421,7.29835557986724,4.29178990426466,4.32399446616197,4.41738043109276,4.4646407219954,4.02914311485953,5.0711485226409,0.141371487589535
"NUGC-4",11.3684546481556,7.72821736222051,4.59677493383558,6.51833586511561,5.35559763229857,6.32525477586334,7.84757043003798,8.24177411076974,0.356665831658853
"OC 315",8.37838704606435,6.52058509241713,5.6932387320779,4.49664809279564,7.1776806244209,4.55254276699946,4.47056920917221,7.68351545746782,0.0535665944541166
"OC 316",8.19498430915342,6.83672664643325,5.40146485710922,4.3717119576691,7.04727051976926,4.74811372478509,4.64982426816833,7.42323987890224,0.0341582174036859
"OCI-AML5",6.54895660274181,7.11848103568971,4.22971792634857,4.33799919291785,3.96835382777636,4.06514054157154,6.76613229874315,4.92405581587524,0.0427489220441525
"OCI-LY10",7.19116301350206,6.1872799569031,4.55567106136438,4.41982038593482,6.23858126847538,4.56158903106739,4.42519244262144,5.41990653101568,0.075284095339661
"OCUM-1",9.89865942686087,7.5499528710312,6.45571376764033,5.80511426511522,6.01930247732665,7.81764672825616,4.88478727929433,8.20358017541901,0.00974999999998638
"ONCO-DG-1",7.83338439294771,6.49899088507772,6.18099842420389,5.67052789929556,5.55501586012397,5.14030586571753,4.18435779961693,6.96255340773038,0.146648389006308
"OV-90",9.08918636004791,6.5254011322028,7.52224434828704,4.89042171713998,5.21352995655796,5.61002879644495,5.23880087727891,6.94734120898138,0.00912500000001726
"OVMANA",10.3804964375065,6.38141462164532,7.57550333596328,4.88886074602081,5.66563778670206,5.9783388950283,7.42206198186925,7.35963133724866,0.0228587848662827
"OVSAHO",8.91320556281001,7.41849068157565,4.17689093088704,4.47332553634901,4.97088068290639,5.2888088590118,3.86529403884913,5.1763750006745,0.0286711136616125
"OVTOKO",6.87226487140466,5.09152320734202,8.0922420137809,4.79215330423509,6.14067335523213,5.14706512502161,5.43043588602165,7.40089976226054,0.112257182490662
"P3HR-1",6.91898981740007,6.407488992008,4.45469195239153,4.61652329075016,5.21937626547507,5.07342548471967,4.06389677144757,5.79225610339488,0
"Panc 02.03",10.2148726699692,6.40416875786319,10.2005330138075,5.90141225883471,6.12202481337455,6.66903467399334,9.18862850446087,7.04768576897717,0.126722457106087
"Panc 04.03",10.0158086258091,6.88748489534821,9.23237424180904,5.61295812667424,6.70283923168098,7.93941140905953,7.99603942324081,8.26582117705678,0.123884404995335
"PA-TU-8902",10.0720078399604,6.90248789985632,7.58835083316982,7.2278604566098,4.31556498903535,6.42290866066628,9.34170530096416,8.48954039022568,0.0113390018734729
"Pfeiffer",7.27455898119657,7.34078526116689,4.31097267141616,4.51239940608926,5.3817440852186,4.13331122104648,3.7783541229191,5.20624008230315,0.143058374681206
"PK-1",8.92442005999976,6.88468073956492,7.95025089686212,6.669338053805,6.21800876341431,6.84057224434324,9.28937673315513,8.59814613861965,0.0957371639230313
"PK-45H",7.07171569612474,5.49520348767191,4.27520171403076,4.78768551163781,5.52677431357457,4.5692787905789,7.37900635296651,6.68129897764361,0.0409532082696581
"PK-59",9.46733665376511,7.40756271263494,7.75304354391016,6.07508468743791,7.19627055020847,7.55201449228496,8.6458420157379,9.08470210044844,0.0396939565546484
"PL45",9.71550501893631,7.16086942967683,7.83151159990399,5.1040819730269,5.88732695420996,5.65058556694692,11.7016671661462,8.17101472218374,0.0646686409878426
"QGP-1",8.37184145883727,5.92716967375686,4.88481762479574,5.73543351478951,5.81308429369733,5.12174238429383,7.12171945857685,7.40194239153054,0.0611368112809139
"RERF-GC-1B",9.65617883821062,6.53544185264448,5.27694689343886,6.19522787026118,5.46627943944458,5.71325794172913,3.9021376942546,9.50411449717517,0.0991038827004613
"RERF-LC-AI",7.10839120792703,5.24204165818156,4.33291160707981,4.32636565200732,4.73806520063134,4.80221856374457,4.21362697930283,5.73040269073782,0.0395630185490051
"RKN",6.46896614156183,5.30742836759945,7.47530869823873,4.78248309054768,5.85977541419566,4.92061512783393,4.33882399468358,6.34114004174762,0.0211410503367663
"SCaBER",7.4797598160782,6.59559614497171,9.18332516102263,5.2078290265163,7.08994925960891,5.89486724534203,7.87279444212049,9.11037611141874,0.258716463091822
"SH-10-TC",6.47064111005307,5.56591314303903,4.54250024724699,4.77602243941312,5.61078961381635,4.19860522791268,4.57862885259202,5.68752960164303,0.0338408355090751
"SK-BR-3",10.4340299453672,5.96061128482437,3.8948809323505,5.46748875474041,6.29768366275857,6.89152816434248,4.2279080238585,9.61313525926771,0.0633181088002922
"SK-ES-1",6.69972891565934,7.11391265633721,4.19874422217821,4.27111139981672,4.6871497490934,4.38627175540444,4.18071123116749,4.94203269257427,0.0685160817040928
"SK-MEL-31",6.46518448646455,5.1433353110944,4.28948339629459,4.16723868855008,4.09569066730871,4.45966957645416,4.00046751056085,4.54450594692503,0.0235030590347751
"SK-N-BE(2)",6.14298698148352,5.33091016582891,4.17216644788468,4.47105592829245,4.99846164603151,4.39471099028445,4.01668727546195,4.86155959257963,0.00883405607720911
"SK-N-SH",6.79159676077125,5.62831795824646,4.18132232353748,4.27277244396678,4.59589432002548,4.45805649851627,3.91817131205631,5.00542250690639,0.0332842852795394
"SNU-182",8.42697993631369,5.83765257675692,7.22764860865031,4.80191182425716,6.01470560656774,4.55243146003911,3.92842423132241,4.97568439245304,0.1291448815908
"SNU-398",7.60163719972919,5.34527791218522,4.26431536929078,4.03769655499286,5.93539595547835,4.35601069320179,3.84762290756945,4.70324016256089,0
"SNU-C2A",10.102381642149,7.39287903164778,6.10137925425548,4.48341095948892,6.46414539948786,5.76227756627643,4.59614551591799,8.44415427952545,0.0966073047226309
"Sq-1",9.70419941730383,6.73122299335925,9.34889785649036,6.57701044101596,6.75890028426635,6.08967679957156,7.26576936052479,8.27064589813482,0.0689153326283646
"SU.86.86",8.37354460373737,6.11477949032394,8.92325440292576,6.06387943362141,6.44127707502565,9.64438966223345,9.42967080638689,7.39528691886304,0.0575814574364746
"SU-DHL-10",6.35990465284717,7.04760292349321,4.18258493630431,4.67748226931736,6.54945491134406,4.85264774679326,4.56737078028584,5.01822493141718,0.04100000000001
"SU-DHL-4",7.37980024509648,7.22217380806038,4.0272037759918,4.19404437925887,5.07758257199621,4.78827128503447,4.24949872691576,5.00247906044763,0.0582612878550158
"SU-DHL-6",6.9806312719067,6.87023145868031,4.16533324153638,4.7296040227791,6.33989930338674,4.58443315239792,4.12595893986809,4.93017439473146,0.00106286660830879
"SU-DHL-8",7.21898450992237,6.25668914098388,4.08989044466901,4.6941982648802,5.37131148061622,4.45612294026805,4.19041493581559,5.46248178496199,0.00662510480029221
"SUIT-2",7.32958900493022,5.45517265209301,4.27058187822422,5.00537993482609,5.07046957590505,4.10563826073498,10.6505599859944,6.24246297412825,0.131983378987043
"SUP-M2",7.23991324020797,5.62748522116916,4.01152477771531,4.6195986298407,4.9050654147428,4.2274183970601,3.90969587949914,5.42436593123061,0.0347499999999876
"SW 1271",6.66920296973566,5.64015826812324,4.40980309715556,4.17644958334739,5.3057599360731,4.82503042286207,4.25394209205746,5.39177524920352,0.0255303327944089
"SW 1353",6.05091143114089,5.3977964799369,4.71264743385813,4.48083293726607,4.05967089338468,4.21327317267621,4.72951366658967,5.36756567274679,0.0277319203760441
"SW480",8.82951936695545,7.08315100679556,8.09668623997173,4.79917142691463,5.40719286051551,5.88043866877317,4.27619821964749,7.85723928772492,0.0215664166724595
"SW579",6.44981842569079,4.89646546216466,4.15783844592921,4.57240750256086,3.85202768309591,4.56292404342283,4.01155466940808,5.89110420051648,0.0168628334906498
"T3M-10",9.21462577764373,8.28315539966559,7.24695253124011,4.56945579142121,6.92574358516553,5.81316688035493,7.56704731573064,9.01194686062351,0.0593555618367528
"TC-71",7.74909452692018,6.42191403663027,4.22979713822813,4.73473988864093,4.21645681752801,4.38534367562923,3.89581872922182,5.01545523563566,0.0111250000000142
"TE 617.T",7.61759878585222,5.37545294269037,4.21151834440836,3.99980477816546,5.79848403603735,4.33215275059103,4.39995420319024,5.34566578065314,0.198363900115226
"TEN",8.96627196552111,5.40127966739995,4.62772874126098,4.92412510206861,6.49867768125285,5.76802030661593,5.82971493869355,6.96296461933159,0.0210190593188572
"Toledo",7.03140201751727,6.08685524610921,4.12355732901771,4.43061699415063,5.01870925378618,4.16332499149309,5.95416299417014,5.06221610088292,0.0284413465890687
"TOV-112D",7.64486727661031,5.981806174343,4.26478493630518,4.28602436733966,6.42469531448298,4.85178900277281,5.1553636176472,5.25434128438341,0.0858609323458082
"TOV-21G",8.69072834258782,5.53777666709142,8.88450276946788,4.36074791722038,5.98865176666877,4.49220522329822,5.14769114329523,5.53647963761652,0.0680550745588804
"TT2609-C02",6.61725589528714,5.10612662967684,6.99911352483971,4.45166286383452,6.02542024893021,4.13259762192643,4.87642505108188,6.02030523954941,0.0768547994720901
"U-937",6.6139731223533,7.09177040627197,4.14295772568447,4.33140064064463,4.45918418468394,4.66905454452042,3.68434741477535,5.27088233780618,0.0523559054161721
"VMRC-LCD",9.98454773731902,5.30720998500726,4.23744883974932,6.16317728122,6.08771490783709,4.91079987883034,4.81685497261308,8.31764718673727,0.00441443842767064
"VMRC-RCW",8.20978779321086,5.58993347665266,4.19572962345336,4.62973975935212,4.37401162609757,4.84013723082576,4.2701497906164,5.75363125009631,0.00950189460580975
"WM1799",6.56413008593487,5.03851660088686,4.10505989574943,4.35232869585512,5.1559812879056,4.24838390201781,4.90516249622429,4.74712860629788,0.0446748952209717
"WM-266-4",6.10459297990863,5.77024799188623,4.12209269864527,4.14376497827556,5.00157112698922,4.33802737137219,5.581678176907,4.60846528147041,0.0276693373035513
"WM-793",6.20908442074607,5.6210666703558,5.09337910955469,4.27823525657759,4.27195367670195,4.01055078570598,4.11389604236402,5.35145481619658,0.0288844046069268
"WM-88",6.31072032880774,5.60206470944706,4.00133581141081,4.33289899037586,5.88820190175038,4.1202501963652,4.41158750094658,4.80591299704157,0.00508975419156732
"WM-983B",6.69393537966334,5.25950149149641,4.16240413068991,4.51717191158398,4.11765844020049,4.34524029589847,4.08162735846652,4.99440550274084,0.0142286316393837
"ZR-75-1",10.888712333822,6.81638643062218,4.20519945070627,6.64100787184767,5.41948311175065,6.66073988282233,4.34295019484358,6.66878551853421,0.11913122732283
